set_idx,mol_idx,is_gt,is_pred,ooo_set_acc,pea_isolation,pea_incoming,pea_outgoing,gt_col_strength,mae_homo,mae_gap,mae_mu,mae_lumo
0,0,0,0,1.0,0.1330337586502234,0.11402459094921746,0.15204292635122937,0.15724784930547078,0.33408384495079557,0.9958669905501605,0.7010268926620483,0.7564238662169129
0,1,0,0,1.0,0.1148549144466718,0.1136012574036916,0.116108571489652,0.15724784930547078,0.17624942687869058,1.9305342175388334,0.2494420051574707,1.810288703565821
0,2,0,0,1.0,0.13090979680418968,0.1241851215561231,0.13763447205225626,0.15724784930547078,0.20586303976357012,1.3354294444376233,0.5938321113586426,1.1507199166950957
0,3,1,1,1.0,0.18423534929752353,0.21122284928957624,0.15724784930547078,0.15724784930547078,0.4305217092746494,1.657512930525541,1.6869161605834961,1.1606680846378952
1,0,0,0,0.0,0.13429441203673678,0.15631519506374994,0.11227362900972367,0.13314837912718455,0.9569584050554034,0.4748957064104083,0.9159963607788086,1.6370701402898693
1,1,0,0,0.0,0.14694847439726197,0.19138525823752087,0.10251169055700303,0.13314837912718455,0.2628397912311556,1.1950529019010063,0.29248929023742676,1.3957203939475122
1,2,1,0,0.0,0.13880611682931582,0.14446385453144708,0.13314837912718455,0.13314837912718455,0.10612270255684866,1.9894773178237681,0.8173543453216553,1.9899427232746034
1,3,0,1,0.0,0.16529750178257624,0.09318219721317293,0.2374128063519796,0.13314837912718455,0.09652706694245339,2.0998049370193486,2.399454951286316,2.1168902220481636
2,0,0,1,0.0,0.14913066774606704,0.09650908708572388,0.20175224840641023,0.1054920812447866,0.2893500264680389,1.5664556381881234,0.2593239307403564,1.879816360880099
2,1,1,0,0.0,0.1295335439344247,0.15357500662406284,0.1054920812447866,0.1054920812447866,0.7629550150185826,0.5877176579880716,1.8416900873184203,0.1527875768361986
2,2,0,0,0.0,0.13166610697905223,0.15980360259612403,0.10352861136198044,0.1054920812447866,0.08166283747553855,0.2822766898870464,1.7796471118927002,0.26019393209259956
2,3,0,0,0.0,0.13833757266402244,0.13878019501765568,0.1378949503103892,0.1054920812447866,0.9978530868870017,1.6559346508198973,0.5823410034179688,0.6804968175460397
3,0,0,0,0.0,0.14114876116315522,0.1489819178978602,0.13331560442845028,0.12107288589080174,0.42102113691568394,1.221213384941816,0.21387748718261718,1.5568571817337538
3,1,0,1,0.0,0.1577485213677088,0.13952684303124743,0.17597019970417024,0.12107288589080174,0.43052088736832167,0.6410765958070753,0.6083516597747802,1.1232429840875418
3,2,1,0,0.0,0.13336482246716816,0.1456567590435346,0.12107288589080174,0.12107288589080174,0.23999071590602358,0.4657656538063284,1.92653169631958,0.22566175760520618
3,3,0,0,0.0,0.15117836172382038,0.14927494674921038,0.15308177669843037,0.12107288589080174,0.31554500711560285,1.1867408100783827,0.19360251426696778,0.8440907487851754
4,0,0,1,0.0,0.126033956805865,0.1225296547015508,0.12953825891017914,0.11006630361080168,0.21572431292593439,1.417599683973789,0.19781653881072997,1.122749435949698
4,1,1,0,0.0,0.09913222541411719,0.08819814721743265,0.11006630361080168,0.11006630361080168,0.055415744484067095,0.8880763032388685,0.8997139632701874,0.9765187207742034
4,2,0,0,0.0,0.11345058555404347,0.12454743335644404,0.10235373775164286,0.11006630361080168,0.05051467600464843,0.5658881064927576,0.4014582633972168,0.5973922048414498
4,3,0,0,0.0,0.10801081135869024,0.11135234385728836,0.10466927886009215,0.11006630361080168,0.2154424970465895,0.10011724870920187,0.21898961067199707,0.22005920751944194
5,0,0,0,0.0,0.11785605500141781,0.1241276244322459,0.11158448557058971,0.11686308234930039,0.09896812638998043,0.9463121713519099,3.0607823848724367,0.8846602564752102
5,1,0,1,0.0,0.17151364708940187,0.11159556657075882,0.23143172760804495,0.11686308234930039,0.12872025272250126,2.0310811248815055,0.7652194499969482,1.8448347263056042
5,2,0,0,0.0,0.1251810791591803,0.15944874087969463,0.09091341743866603,0.11686308234930039,1.4383613275587561,2.0060565930473806,7.465941286087036,0.5698454249830543
5,3,1,0,0.0,0.13624193171660107,0.15562078108390173,0.11686308234930039,0.11686308234930039,1.311621570799351,0.4440123264396192,6.048251008987426,0.7785405840072036
6,0,1,0,0.0,0.1582455351948738,0.1095166509350141,0.20697441945473352,0.20697441945473352,0.10623243535161002,1.773353496409058,0.5651960372924805,1.7404743945588173
6,1,0,0,0.0,0.11927246898412704,0.10082353899876277,0.13772139896949132,0.20697441945473352,0.9129649491250511,0.7863795706963543,2.8639214515686033,1.6937197386342286
6,2,0,1,0.0,0.16460925887028374,0.22780863245328264,0.10140988528728485,0.20697441945473352,0.4780327780455348,0.9684327466797825,2.226174783706665,0.3894493146789074
6,3,0,0,0.0,0.13159829527139663,0.1355767359336217,0.12761985460917155,0.20697441945473352,0.3589270327877996,0.427828960938454,0.8350006580352783,0.9099137610215694
7,0,0,0,0.0,0.12687336032589278,0.1140742172797521,0.13967250337203344,0.11244236677885056,0.2928262661850448,2.0779722633159157,0.613911247253418,1.8341980668976532
7,1,0,1,0.0,0.1542056386669477,0.14038607080777488,0.16802520652612052,0.11244236677885056,0.5704511509722472,0.5987356652986999,0.5277912616729736,1.1861365064421296
7,2,0,0,0.0,0.14942317605018615,0.15119509051243463,0.14765126158793768,0.11244236677885056,0.3005132592570778,0.5855331364786622,0.4537403106689453,0.34898028473511333
7,3,1,0,0.0,0.13728916322191556,0.16213595966498057,0.11244236677885056,0.11244236677885056,0.21873475294828387,0.7463421947842839,0.8591602325439454,0.9767640234104544
8,0,0,0,1.0,0.14501572027802467,0.13397832264502843,0.15605311791102092,0.13438282310962676,0.22292454710185564,0.698485414179564,0.22758057117462158,0.5573714851667732
8,1,0,0,1.0,0.1393551543354988,0.1121300051609675,0.1665803035100301,0.13438282310962676,0.496538518716693,0.4887145347702502,0.33423311710357667,1.0389266997365652
8,2,0,0,1.0,0.15973280494411787,0.160039417942365,0.1594261919458707,0.13438282310962676,0.1710094224494691,0.6893120385110384,2.0529348850250244,0.7682644892714173
8,3,1,1,1.0,0.17233875691890718,0.21029469072818754,0.13438282310962676,0.13438282310962676,0.22768870950996903,0.2824624188381433,1.3518484115600586,0.46466938267437746
9,0,0,0,0.0,0.11979582582910854,0.12334040502707162,0.11625124663114546,0.10529967347780862,0.15235997766494744,0.5904590248787406,0.23249635696411133,0.7504041632339918
9,1,0,0,0.0,0.10601776937643687,0.12691724499066673,0.08511829376220703,0.10529967347780862,0.7049653912550209,0.769639632740617,1.2664701461791992,1.5463191531930491
9,2,0,1,0.0,0.1351953056951364,0.11173196186621985,0.15865864952405292,0.10529967347780862,0.04777722730755816,1.6758030051398278,1.038051223754883,1.6185893451119213
9,3,1,0,0.0,0.10431896249453226,0.1033382515112559,0.10529967347780862,0.10529967347780862,0.8038433922517301,0.2836384862065319,0.4291907072067261,0.5464975655731559
10,0,1,0,0.0,0.1490313731133938,0.15607959379752476,0.14198315242926282,0.14198315242926282,0.052266449691057384,0.9596413699430226,0.8414660453796386,0.9564391219101847
10,1,0,0,0.0,0.12884127994378405,0.0942711000641187,0.16341145982344943,0.14198315242926282,0.4543566418617967,0.05360295448899279,0.08944759368896485,0.5544303257226944
10,2,0,0,0.0,0.13097807640830675,0.11406794985135395,0.14788820296525954,0.14198315242926282,0.039873660342097314,0.6099711203956606,0.565131688117981,0.5902364848898352
10,3,0,1,0.0,0.16615581313769023,0.2105878988901774,0.12172372738520304,0.14198315242926282,0.39500843601405594,1.9126906898462768,0.24074745178222656,1.4159987230222673
11,0,0,0,1.0,0.14091241682569186,0.17047143975893655,0.11135339389244715,0.16110794792572658,0.9223653162121769,1.557504257595539,1.207047176361084,0.4905187227757275
11,1,0,0,1.0,0.12378906309604644,0.12039707551399868,0.12718105067809424,0.16110794792572658,0.22079785934567475,0.09995301739692675,0.6171582698822021,0.2699758371223696
11,2,0,0,1.0,0.1500112866361936,0.14255740642547607,0.15746516684691111,0.16110794792572658,0.6522385075646641,0.5181326566994187,1.3614694356918335,1.1851787869292871
11,3,1,1,1.0,0.14239479278524717,0.12368163764476776,0.16110794792572658,0.16110794792572658,0.21373585683703453,1.4484866817355153,1.3137181162834168,1.5803709619859607
12,0,0,0,0.8,0.13899457106987634,0.1698794235785802,0.10810971856117248,0.16775344560543695,1.1484891299939153,1.7815177876585722,2.7369853258132935,0.4396539034324885
12,1,0,0,0.8,0.15145444522301357,0.13521309892336528,0.16769579152266187,0.16775344560543695,0.6603731945109365,1.1983591025066374,1.2375996112823486,0.5668976899454743
12,2,0,0,0.8,0.1501002463201682,0.13403199166059496,0.16616850097974142,0.16775344560543695,0.40715406010150945,0.8954784337526558,1.3322288990020752,1.2915594721886143
12,3,1,1,0.8,0.1691781940559546,0.17060294250647226,0.16775344560543695,0.16775344560543695,0.4788851636064049,0.24436191128134724,1.3495649814605712,0.5625910067118703
13,0,0,0,1.0,0.13979347857336202,0.18672685325145721,0.09286010389526685,0.2876599510510762,0.2632958850139383,0.2780311190283298,1.5585190773010253,0.5530759892329946
13,1,0,0,1.0,0.13522502208749454,0.1587583859761556,0.11169165819883348,0.2876599510510762,0.09958993154227773,1.0592163243556025,1.9468122959136962,1.021039761465937
13,2,1,1,1.0,0.21610446721315382,0.14454898337523145,0.2876599510510762,0.2876599510510762,0.09737966867089298,1.1528271602618698,0.2938770532608032,1.0566166651368143
13,3,0,0,1.0,0.15384951022764048,0.15493825549880663,0.1527607649564743,0.2876599510510762,1.635585307503939,0.2897864095085863,1.324629020690918,1.3097244288558887
14,0,0,0,0.0,0.16535107120871542,0.16521185636520386,0.16549028605222701,0.11184240033229192,0.40997660265028435,0.40386877593219295,0.8957065105438232,0.8457278452255205
14,1,0,1,0.0,0.19618655964732168,0.15738329341014226,0.23498982588450112,0.11184240033229192,0.10982329534590232,0.9683250319015982,0.9996880531311035,1.0210046376515556
14,2,0,0,0.0,0.16612627506256103,0.16734553674856822,0.16490701337655383,0.11184240033229192,0.580270500755906,0.4276402110123637,1.5936779737472535,0.9514500570449606
14,3,1,0,0.0,0.14956561972697577,0.1872888391216596,0.11184240033229192,0.11184240033229192,0.025604739879369908,0.6813049315989022,0.15873441696166993,0.746489106279537
15,0,0,0,0.4,0.12146081427733102,0.13846852133671445,0.10445310721794765,0.14718510558207828,0.5139424481981989,0.7611849365431069,2.2218931674957276,0.3391996487835422
15,1,0,0,0.4,0.13162269542614619,0.16701595981915793,0.09622943103313446,0.14718510558207828,0.2181735318052766,0.5869222636920209,0.11612253189086914,0.23899790400438015
15,2,0,0,0.4,0.11091581210494043,0.08208617617686588,0.13974544803301495,0.14718510558207828,0.4455474337857964,1.4558441597884897,0.45368940830230714,1.0825462636485697
15,3,1,1,0.4,0.1236137700577577,0.10004243453343709,0.14718510558207828,0.14718510558207828,0.34728874052286185,2.252783510880471,0.6525853633880615,1.8501250810378604
16,0,0,0,1.0,0.1278434080382188,0.12688090056180953,0.12880591551462808,0.17504958311716715,0.36079309462249254,0.7045544865405556,1.4632689952850342,0.3118047121790797
16,1,1,1,1.0,0.15712616468469304,0.13920274625221887,0.17504958311716715,0.17504958311716715,1.7557468293231728,0.1814562787055971,1.6867053031921386,1.4812032649080453
16,2,0,0,1.0,0.12128543406724929,0.1579072097937266,0.084663658340772,0.17504958311716715,1.343347123242617,2.6194693080419307,7.294683504104614,1.2842000171839818
16,3,0,0,1.0,0.131818488240242,0.11408263842264811,0.1495543380578359,0.17504958311716715,0.340317312865257,1.5940177007913587,0.6093186855316162,1.2665403130807726
17,0,0,0,1.0,0.1611425921320915,0.16264828890562058,0.15963689535856246,0.22361863752206168,0.5674981642162802,0.639311504528522,0.8315092086791992,1.0060791100246087
17,1,0,0,1.0,0.12902585441867512,0.15343706210454305,0.10461464673280717,0.22361863752206168,1.0360142343950274,0.8819538472449782,2.1137281179428102,0.18118416512809693
17,2,0,0,1.0,0.1316973887383938,0.14585501104593276,0.1175397664308548,0.22361863752206168,0.4867064717763666,1.7652119874417784,1.577258253097534,1.3950537634792177
17,3,1,1,1.0,0.18354411075512567,0.14346958398818968,0.22361863752206168,0.22361863752206168,0.16618121732771396,0.2864138663685322,1.0061442852020264,0.22579183971138672
18,0,0,1,0.0,0.16045347352822623,0.11278237700462342,0.20812457005182902,0.13469643791516622,0.9929664541041856,0.08721849181294435,0.9348960399627686,1.027005923218876
18,1,0,0,0.0,0.15959075664480527,0.21304958562056223,0.10613192766904829,0.13469643791516622,0.0588473626208307,0.279806512051821,2.3112340927124024,0.306963516369015
18,2,1,0,0.0,0.1451003593703111,0.15550428082545598,0.13469643791516622,0.13469643791516622,1.8280407258546354,0.2165600459522011,2.135444974899292,1.6715451897667162
18,3,0,0,0.0,0.14384232560793558,0.12765067170063654,0.16003397951523465,0.13469643791516622,0.32080646823346637,0.3852661545872683,1.9823110461235047,0.7216982435046508
19,0,0,1,0.0,0.1488815404474735,0.1774016201496124,0.12036146074533464,0.14062129358450573,0.09023858884692207,0.4591423477983477,0.7269257783889771,0.3742622568798065
19,1,1,0,0.0,0.125006931523482,0.10939256946245829,0.14062129358450573,0.14062129358450573,0.20131976125896003,0.419305372220278,0.18763065338134766,0.2153287955604494
19,2,0,0,0.0,0.10558234949906666,0.10438396682341894,0.1067807321747144,0.14062129358450573,1.0589489445394276,0.5426885159778594,0.8262409687042236,0.4668862658305467
19,3,0,0,0.0,0.10216687147816021,0.09045953651269277,0.11387420644362767,0.14062129358450573,0.4443872752660516,0.7097731146800521,1.3100726783275605,0.23529761010020978
20,0,0,0,1.0,0.11815416490038234,0.11339492400487262,0.12291340579589209,0.11256682823101678,0.051305295578241504,0.18686878084421127,0.9779820919036866,0.21293312251493327
20,1,0,0,1.0,0.11897475210328896,0.07976456905404726,0.15818493515253065,0.11256682823101678,0.16665177826166122,0.8615124924492834,0.16769647598266602,0.7769540567421911
20,2,1,1,1.0,0.17059517676631608,0.22862352530161542,0.11256682823101678,0.11256682823101678,0.9773159012395146,0.6850205803996327,1.5228514671325684,0.3436726992032863
20,3,0,0,1.0,0.11004626639187336,0.09598734180132547,0.12410519098242123,0.11256682823101678,0.8059434876501557,0.8429428414976593,1.747248935699463,0.08902223810642955
21,0,0,0,1.0,0.15033828814824424,0.14733744164307913,0.15333913465340931,0.2445030351479848,0.14441985961079631,1.3366270840710404,0.724311351776123,1.327461021717116
21,1,0,0,1.0,0.14564507529139517,0.166878538330396,0.12441161225239435,0.2445030351479848,1.5811329578620195,0.41217255882442033,0.7452601432800293,2.1269756727835536
21,2,0,0,1.0,0.13880197579662004,0.17817499985297522,0.09942895174026489,0.2445030351479848,0.08469764602839938,1.3639538977837566,0.7283662319183349,1.471902831527386
21,3,1,1,1.0,0.18689739455779394,0.12929175396760303,0.2445030351479848,0.2445030351479848,0.2794318090456727,0.4606189919424054,0.1487954378128052,0.7079420397315919
22,0,1,0,0.2,0.0758716241767009,0.06493154987692833,0.08681169847647348,0.08681169847647348,0.2239719313478467,1.641215788674355,2.048178791999817,1.8668589882743731
22,1,0,0,0.2,0.08242348643640678,0.07878864357868831,0.08605832929412523,0.08681169847647348,0.19946675350010423,0.6489251523840431,0.7359237432479858,0.4670636548545957
22,2,0,0,0.2,0.0823920560379823,0.07858152687549591,0.0862025852004687,0.08681169847647348,0.22284275686681293,0.8287676768004898,0.24223001003265382,0.6105408707718553
22,3,0,1,0.2,0.09919958934187889,0.11758503566185634,0.08081414302190144,0.08681169847647348,0.08019186335265634,0.6210594139987233,0.09595756530761719,0.6855834398751706
23,0,1,1,0.8,0.14673511683940887,0.12231565912564595,0.17115457455317182,0.17115457455317182,0.1720194291603562,2.2101013967519996,1.3328281879425048,2.038850854797717
23,1,0,0,0.8,0.13311964372793836,0.13291065146525702,0.13332863599061964,0.17115457455317182,0.0932286851853135,1.4306054979056118,0.1816394329071045,1.5665124110637048
23,2,0,0,0.8,0.13882716273268064,0.16143299837907155,0.11622132708628972,0.17115457455317182,0.15737668124318152,0.29853169495582554,0.7275834083557129,0.44450769642120225
23,3,0,0,0.8,0.1490693710744381,0.15109198540449142,0.14704675674438475,0.17115457455317182,0.40942929634749914,0.6850749724990133,1.5900792121887206,0.27894317255346107
24,0,0,0,1.0,0.12800387268265087,0.16589036658406256,0.0901173787812392,0.1826055516799291,0.0885598843109607,0.15855114953994764,0.5685272216796875,0.15921061229735614
24,1,1,1,1.0,0.15351587881644566,0.12442620595296223,0.1826055516799291,0.1826055516799291,0.2525786306297778,1.676049864729643,1.9758143901824952,2.0167779141408766
24,2,0,0,1.0,0.1406771744290988,0.15686945940057437,0.12448488945762316,0.1826055516799291,1.1512281413042544,0.43639366516053657,4.141669654846192,0.7344163851170801
24,3,0,0,1.0,0.1228089618186156,0.09781985580921172,0.14779806782801946,0.1826055516799291,1.8129891745495796,0.7466708109915258,2.162670207023621,0.9052818258496933
25,0,0,0,1.0,0.13091334452231726,0.16880232964952788,0.09302435939510663,0.2735737870136897,0.29507094796419153,0.2683507902777196,2.0665003299713134,0.168351076740697
25,1,0,0,1.0,0.12251464587946732,0.16709825421373048,0.07793103754520415,0.2735737870136897,1.2652100009208913,0.836144253743887,0.4847599506378174,2.172249164727032
25,2,0,0,1.0,0.12358159882326919,0.11513461644450823,0.13202858120203018,0.2735737870136897,0.6791263546270134,1.1815502439624075,1.8750453233718871,0.4906308118849993
25,3,1,1,1.0,0.19954817593097685,0.12552256484826405,0.2735737870136897,0.2735737870136897,0.40470892724633245,0.5060542047452923,0.9005476951599121,0.785039908445403
26,0,0,0,0.6,0.12765531639258068,0.09807327091693878,0.15723736186822257,0.13339071820179624,0.29144291848838344,0.7370070011711125,0.9051838457584381,0.3935339578042925
26,1,1,1,0.6,0.1682369408508142,0.20308316349983216,0.13339071820179624,0.13339071820179624,0.07608523279368846,1.2965173328953985,0.4231842517852783,1.3561674480549992
26,2,0,0,0.6,0.13204804956912994,0.11665879239638648,0.14743730674187341,0.13339071820179624,0.18092792252421414,0.5658405592441555,0.17011337280273436,0.7662685408398509
26,3,0,0,0.6,0.13349209601680437,0.14361717601617177,0.12336701601743698,0.13339071820179624,0.08716930876970305,0.12640123199224487,0.28453764915466306,0.1375157067137957
27,0,0,0,1.0,0.16116863836844764,0.16024341583251953,0.16209386090437572,0.15240867535273234,0.4623833769899603,1.3767732212114339,2.2308111667633055,1.8520500720528514
27,1,0,0,1.0,0.13066517983873685,0.13329619963963826,0.12803416003783544,0.15240867535273234,0.02332474808394913,1.121053627543449,0.20475168228149415,1.0958244241163135
27,2,0,0,1.0,0.14499439125259717,0.11275975654522578,0.17722902595996856,0.15240867535273234,0.5065947084230187,1.5501761841773989,0.633482038974762,0.9758830571195484
27,3,1,1,1.0,0.1829375127951304,0.21346635023752847,0.15240867535273234,0.15240867535273234,0.7926601548248534,1.5898247639930252,0.9664717197418213,0.6863773039370589
28,0,0,0,1.0,0.14642222399512925,0.17670099039872486,0.11614345759153366,0.17733000914255778,0.11225777650237098,1.2018205046224593,0.6354015827178955,1.169341737147048
28,1,0,0,1.0,0.14027310808499652,0.13704501142104467,0.14350120474894842,0.17733000914255778,0.08960213544428335,0.21942587886810277,1.4642532825469972,0.11782868217535317
28,2,0,0,1.0,0.15017257357637087,0.12607457290093105,0.1742705742518107,0.17733000914255778,0.31591567201137566,2.2731072750914096,2.2323577404022217,1.9393624694419653
28,3,1,1,1.0,0.17437734007835384,0.17142467101414996,0.17733000914255778,0.17733000914255778,0.0892899430692193,0.2077856527853008,0.4041478157043457,0.13282976686231793
29,0,0,1,0.0,0.16336114580432573,0.13797443459431333,0.18874785701433816,0.11490065703789393,0.47981247718393777,2.624260756890774,0.8503500938415527,3.1113136480318007
29,1,0,0,0.0,0.1337157299121221,0.1098667080203692,0.15756475180387494,0.11490065703789393,0.37505722595036006,0.4164628896689413,1.2544371604919433,0.08558247438045219
29,2,0,0,0.0,0.12835433433453242,0.16165287594000496,0.09505579272905985,0.11490065703789393,0.502036449377537,0.7926846429723504,2.4698139429092407,0.3183136708580703
29,3,1,0,0.0,0.13083784853418667,0.14677504003047945,0.11490065703789393,0.11490065703789393,0.8317691196370129,0.66876742338717,1.0775166988372802,0.07925039229884742
30,0,1,0,0.0,0.14720046197374662,0.14596836417913436,0.14843255976835887,0.14843255976835887,0.35657956833660587,1.4162811947715281,1.1693429946899414,1.0023747341698408
30,1,0,0,0.0,0.13242834508419038,0.1421525090932846,0.12270418107509612,0.14843255976835887,0.994254485118985,0.5169715650850538,1.7847522735595702,1.5543000567492844
30,2,0,0,0.0,0.13570869093139967,0.15878230482339858,0.11263507703940073,0.14843255976835887,0.5549384832209352,1.0217997707057003,0.6952211856842041,0.5047885571621358
30,3,0,1,0.0,0.14927700857321421,0.11771132846673331,0.18084268867969513,0.14843255976835887,1.4004620722693208,0.7559538488328459,0.4622946262359619,0.5185229903444647
31,0,0,0,1.0,0.1615731271604697,0.17552847415208817,0.14761778016885121,0.24246156712373093,0.4257487272530797,0.15037358903467676,1.0094476699829102,0.6132367753501423
31,1,1,1,1.0,0.19828020582596464,0.15409884452819825,0.24246156712373093,0.24246156712373093,0.33435551501274074,0.4101694104111198,0.2207895278930664,0.7872978615903109
31,2,0,0,1.0,0.16130065470933913,0.218607955177625,0.10399335424105327,0.24246156712373093,0.9154329969561102,0.7753918313807253,2.340228867530823,0.15484126270860438
31,3,0,0,1.0,0.1523943680028121,0.1253130818406741,0.17947565416495004,0.24246156712373093,1.6440794904375082,2.0022643866246943,0.4152373790740967,0.3167963502255454
32,0,0,0,0.8,0.1174244523048401,0.10950247645378113,0.12534642815589905,0.1275207201639811,0.2504066954022651,1.3628150900685785,0.5329913854598999,1.4653672980801762
32,1,0,0,0.8,0.11455375129977863,0.12680300176143647,0.10230450083812077,0.1275207201639811,0.15556468094170056,0.332654822567701,0.12976584434509278,0.18803089458703995
32,2,0,0,0.8,0.1099553627272447,0.10952890614668527,0.11038181930780411,0.1275207201639811,0.058493311411738705,1.209765975979566,0.5255358695983887,1.2301166159129142
32,3,1,1,0.8,0.12361990213394165,0.1197190841039022,0.1275207201639811,0.1275207201639811,0.22264340872406993,1.055304159620404,1.0847248315811158,1.2290318036048486
33,0,1,0,0.0,0.11887628237406413,0.11688655515511831,0.12086600959300996,0.12086600959300996,0.21674522288322481,0.7708624167096613,0.17366161346435546,0.9456008075204491
33,1,0,0,0.0,0.12134916931390764,0.11188224504391353,0.13081609358390175,0.12086600959300996,0.03275038446068788,1.5231417169928554,2.2640826225280763,1.5038144475430992
33,2,0,0,0.0,0.11013186921676,0.12285361737012863,0.09741012106339136,0.12086600959300996,0.5132910285341736,1.0271468182426693,2.923246908187866,1.5877348082892968
33,3,0,1,0.0,0.11782429963350295,0.11655920296907425,0.11908939629793165,0.12086600959300996,0.2938813363218305,1.0881028956669572,0.34450032711029055,1.448835682965219
34,0,0,0,1.0,0.08004457273830971,0.08846834351619086,0.07162080196042855,0.1525849759578705,0.06092196120917794,0.2383854657202958,1.7562031745910645,0.18814800689002498
34,1,1,1,1.0,0.17022283772627514,0.1878606994946798,0.1525849759578705,0.1525849759578705,0.3682688252753016,1.3777694451123474,0.3883187770843506,0.984689018053636
34,2,0,0,1.0,0.06871423646807671,0.06130959863464038,0.07611887430151304,0.1525849759578705,0.2175692761814597,0.7332633783388134,0.4478032350540161,0.9600510808189213
34,3,0,0,1.0,0.10406988617032766,0.0854128914574782,0.12272688088317711,0.1525849759578705,0.24901314659059076,0.5160338517713543,0.6843256711959839,0.8488546556135267
35,0,0,0,1.0,0.13337079236904778,0.1305736963947614,0.13616788834333418,0.12090211262305578,0.16806686203241358,0.45330817679524404,1.7414898872375488,0.5501904652850889
35,1,1,1,1.0,0.17371140544613203,0.2265206982692083,0.12090211262305578,0.12090211262305578,0.37506274435639336,0.5091065189057584,0.14259352684020996,0.1539706356472522
35,2,0,0,1.0,0.14684008409579596,0.13548232068618138,0.1581978475054105,0.12090211262305578,0.5710519596379997,0.2190209867078064,0.1378326416015625,0.7746489030183479
35,3,0,0,1.0,0.13376525714993479,0.09511082371075948,0.17241969058911008,0.12090211262305578,0.31892097442805767,0.7804264839756494,0.6543355703353881,0.4164020081851259
36,0,0,0,1.0,0.1062202786405881,0.09560752362012863,0.11683303366104762,0.12526269207398097,0.7100151736694578,0.259581460198164,0.3995794773101807,0.5977184800521285
36,1,1,1,1.0,0.13342459872364998,0.141586505373319,0.12526269207398097,0.12526269207398097,0.7786131941467527,1.2400616999310257,0.6517123699188232,0.4769247777377628
36,2,0,0,1.0,0.09579283408820628,0.0764966460565726,0.11508902211983997,0.12526269207398097,0.22043473862111593,1.079065813661814,0.14666097164154052,0.86659880352363
36,3,0,0,1.0,0.109350028509895,0.13109706491231918,0.08760299210747084,0.12526269207398097,0.49226266937077,0.3570939330691095,0.4441797733306885,0.13976143634861335
37,0,0,0,1.0,0.13867672408620516,0.16513377229372658,0.11221967587868371,0.17959571878115335,0.863734515461922,0.5866962812840942,2.5817498207092284,0.18901119871888308
37,1,0,0,1.0,0.1645359054207802,0.16148783167203265,0.1675839791695277,0.17959571878115335,0.021484377522468456,1.91037784150362,2.665577453374863,1.8893650194890799
37,2,0,0,1.0,0.14062401205301284,0.12696161568164824,0.15428640842437744,0.17959571878115335,0.158633930122852,1.2681963588702674,0.22027807235717772,1.1531460415571182
37,3,1,1,1.0,0.16984914069374402,0.16010256260633468,0.17959571878115335,0.17959571878115335,0.3525786725836994,0.0494546931707859,0.6393999576568603,0.33016088122233744
38,0,0,0,0.0,0.138876956452926,0.1575051118930181,0.12024880101283392,0.11845998813708625,0.4659625094181301,0.9036378120768068,0.10965466499328613,1.3142254109076408
38,1,1,0,0.0,0.11088389058907827,0.1033077930410703,0.11845998813708625,0.11845998813708625,0.0844218527275327,1.581078619437218,1.071397638320923,1.4496846998485922
38,2,0,0,0.0,0.1109493563572566,0.1022171586751938,0.11968155403931936,0.11845998813708625,0.1486488304990532,1.309162644190788,0.9867989540100097,1.4625880442229657
38,3,0,1,0.0,0.13309505060315133,0.13077519039313,0.13541491081317267,0.11845998813708625,0.5049179986613991,0.7589576259362694,1.058250093460083,1.3914352712307125
39,0,0,0,1.0,0.12469938695430756,0.12886345386505127,0.12053532004356383,0.19535033404827118,0.4668349718618396,0.39855399283289933,0.8049528121948242,0.15276580819245428
39,1,0,0,1.0,0.127076589067777,0.13961616804202398,0.11453701009353001,0.19535033404827118,1.27668238599062,1.012545506181717,0.25609550476074217,0.18376732033394277
39,2,1,1,1.0,0.15527461767196657,0.11519890129566195,0.19535033404827118,0.19535033404827118,0.11007808534681782,1.526027107875347,1.6221966654062272,1.403670602829754
39,3,0,0,1.0,0.13362934589385986,0.15700141638517381,0.11025727540254593,0.19535033404827118,1.0128574291557073,0.43206224671959853,0.9778584957122802,1.3489346955893935
40,0,0,0,0.8,0.10367088193694751,0.09597912033398946,0.11136264353990555,0.09802402829130491,0.1892120039570333,1.5089832480585577,0.7131925821304321,1.327157400702983
40,1,0,0,0.8,0.10478926400343579,0.10893554985523224,0.1006429781516393,0.09802402829130491,0.5318695106911656,0.2505157233440878,0.6889407873153687,0.7601241347599775
40,2,1,1,0.8,0.10735909653206667,0.11669416477282842,0.09802402829130491,0.09802402829130491,0.2890792885237934,1.278228389457464,0.17048349380493164,1.5878676532092317
40,3,0,0,0.8,0.0930719116081794,0.08728231911857924,0.09886150409777959,0.09802402829130491,0.28550059042990183,0.5235761307644842,1.3885772824287415,0.37855540393352505
41,0,1,0,0.2,0.16831074357032774,0.22374739150206246,0.11287409563859303,0.11287409563859303,0.11988734867751613,0.8645156322181222,0.5515979766845703,0.8352373953379691
41,1,0,1,0.2,0.16184582859277727,0.18097284535566968,0.14271881182988486,0.11287409563859303,0.41655949310362317,1.7074057738858461,1.6624285697937011,1.2260640163007381
41,2,0,0,0.2,0.1551293782889843,0.11562681843837101,0.19463193813959756,0.11287409563859303,0.5058603341650967,1.04187111956656,2.106365132331848,0.5205428041572496
41,3,0,0,0.2,0.15377063279350597,0.11870952794949215,0.18883173763751984,0.11287409563859303,0.5541723966807124,0.22058528079867373,0.2721903324127197,0.75481724343054
42,0,0,0,1.0,0.13431240568558375,0.1381322354078293,0.13049257596333821,0.2304664740959803,0.3143853526967762,0.6299118475157025,1.4196847200393676,1.0001791627141272
42,1,0,0,1.0,0.14393590763211253,0.2064350644747416,0.08143675078948338,0.2304664740959803,0.04688317870020864,0.47201106602311105,0.4329587459564209,0.4277901140678675
42,2,0,0,1.0,0.1307695396244526,0.12580742140611012,0.13573165784279506,0.2304664740959803,0.4768621902757884,0.6879004473793506,0.9960548400878906,1.1837930611933023
42,3,1,1,1.0,0.16910960574944814,0.10775273740291595,0.2304664740959803,0.2304664740959803,0.2076387009984252,0.3030910381680725,0.4628206729888916,0.24990523333270104
43,0,0,0,0.8,0.14330888365705807,0.15836745699246724,0.1282503103216489,0.1260747179389,0.5849992191791532,1.7683576845908164,1.6888314723968505,1.1145107902847975
43,1,1,1,0.8,0.13004636193315186,0.13401800592740376,0.1260747179389,0.1260747179389,0.1087987314593791,0.2448395678412915,1.8928457736968993,0.210056424029246
43,2,0,0,0.8,0.12080259645978608,0.12179453869660695,0.11981065422296523,0.1260747179389,0.33301419259667353,0.8138676847046611,1.4893788337707519,0.47638850525867193
43,3,0,0,0.8,0.13466376985112824,0.11464161028464635,0.15468592941761017,0.1260747179389,0.07277997110426462,0.5784959022378924,0.44422671794891355,0.5483777839567512
44,0,0,0,0.2,0.12284935067097345,0.12440793961286545,0.12129076172908149,0.09798422058423362,0.8474290930229422,0.5255426120638846,0.7389780044555664,0.2526459631059691
44,1,0,1,0.2,0.13896360447009407,0.14011796514193217,0.1378092437982559,0.09798422058423362,0.9070976107007261,1.4336918454366918,0.5080183029174805,0.484145118625164
44,2,0,0,0.2,0.11081039384007453,0.0883369043469429,0.13328388333320618,0.09798422058423362,0.5586938593935968,0.8185263381159309,0.12368626594543457,0.2679135798208415
44,3,1,0,0.2,0.11774476046363513,0.13750530034303665,0.09798422058423362,0.09798422058423362,0.30247976098060647,0.7978696344929931,0.9903525352478028,1.1047940587824212
45,0,0,0,0.0,0.0969106846799453,0.09117854063709578,0.10264282872279484,0.10117375552654266,0.24278224401295195,0.16163206975579297,0.1751105785369873,0.21814330483347177
45,1,0,1,0.0,0.1389382739861806,0.1398021971186002,0.13807435085376105,0.10117375552654266,0.4639633012443783,0.5556820407855507,0.5621033906936646,1.0170892192863674
45,2,0,0,0.0,0.1083470301081737,0.09935499380032221,0.11733906641602516,0.10117375552654266,0.9077384198611977,1.8341651890087132,0.3535515069961548,0.8569986706319452
45,3,1,0,0.0,0.1150340127448241,0.12889426996310552,0.10117375552654266,0.10117375552654266,0.30424675032556064,0.7312303305804726,0.6378634929656982,0.9189738252100164
46,0,0,0,0.0,0.08811575062572956,0.09009982670346896,0.08613167454799016,0.0926478440562884,0.2455601172727345,1.8041694794261454,1.6125660061836242,1.5491474745514058
46,1,0,0,0.0,0.08003085733701785,0.07760216146707534,0.08245955320696036,0.0926478440562884,0.8097283992296461,0.2765767849338056,1.447878885269165,0.6323120860931277
46,2,1,0,0.0,0.10542067283143601,0.1181935016065836,0.0926478440562884,0.0926478440562884,0.10791455880641951,0.7495875076806549,0.3252307415008545,0.6753342332371137
46,3,0,1,0.0,0.17762979219357175,0.16530158321062724,0.1899580011765162,0.0926478440562884,0.18595493993639972,0.2136100095480682,1.5739837884902954,0.13012698265789074
47,0,0,0,1.0,0.07108460683375596,0.06638439769546191,0.07578481597205004,0.08422797272602717,0.5004701964825395,0.3129361588424443,0.47507500648498535,0.9141693212993071
47,1,0,0,1.0,0.05571204827477535,0.04841914735734463,0.06300494919220606,0.08422797272602717,0.257259853420854,0.32149826064348197,0.6030417919158936,0.6201418330325186
47,2,1,1,1.0,0.09778219759464263,0.1113364224632581,0.08422797272602717,0.08422797272602717,0.4810608811229464,0.5056272440123555,0.8156477928161621,0.17946335783090445
47,3,0,0,1.0,0.08175789179901281,0.08019677698612214,0.0833190066119035,0.08422797272602717,0.3334191099762913,1.306298050769567,0.9466753959655761,0.9401055272999406
48,0,0,1,0.0,0.1552078165113926,0.12766739279031755,0.1827482402324677,0.14389118800560632,0.05295887464523279,1.7098902244961258,0.4492044925689697,1.5554435125747321
48,1,1,0,0.0,0.1377758207420508,0.13166045347849528,0.14389118800560632,0.14389118800560632,0.18006947898507092,0.16573202479004862,0.5714463233947754,0.1642765879130736
48,2,0,0,0.0,0.15551344801982245,0.16687187751134236,0.1441550185283025,0.14389118800560632,0.319041877197623,0.07502505946695823,0.31217470169067385,0.32864494877811523
48,3,0,0,0.0,0.1474745770295461,0.1697719385226568,0.12517721553643543,0.14389118800560632,0.5893860283601287,1.0877028497892616,1.7116640567779542,1.594069438936822
49,0,0,1,0.0,0.11839351803064346,0.09494672914346058,0.14184030691782634,0.07998510524630546,0.5223510416775945,0.3721794609796996,1.2365558385848998,0.974003122843504
49,1,0,0,0.0,0.10786485398809116,0.10275448560714721,0.11297522236903508,0.07998510524630546,0.18902665773749394,0.4958798490166668,0.10628333091735839,0.3077379124893248
49,2,0,0,0.0,0.09250193921228249,0.0950701616704464,0.0899337167541186,0.07998510524630546,0.7211934967416529,0.6590604694652553,0.4453937530517578,1.3332349674013444
49,3,1,0,0.0,0.10597404005626837,0.1319629748662313,0.07998510524630546,0.07998510524630546,0.7147519119662042,1.603336643763781,2.1562201499938967,2.408212622900046
50,0,0,0,1.0,0.14547490601738294,0.16010464032491048,0.1308451717098554,0.18736538688341775,0.5356978954857585,0.38239962702274344,0.6938648223876953,1.083831846642345
50,1,0,0,1.0,0.14595954219500223,0.17980546752611795,0.1121136168638865,0.18736538688341775,0.7442649874067302,0.148674563332796,2.057510757446289,0.8911751415713691
50,2,0,0,1.0,0.13448337217171988,0.11641570379336674,0.15255104055007299,0.18736538688341775,0.46471030266165697,0.18127082959055923,1.4672458171844482,0.5955653445320204
50,3,1,1,1.0,0.15695739562312763,0.1265494043628375,0.18736538688341775,0.18736538688341775,0.817350879172683,1.2349831956064705,1.067487859725952,0.4474508855708688
51,0,0,1,0.0,0.16833022808035214,0.17405733863512673,0.16260311752557755,0.1563139985005061,0.1441301238721607,1.29274281850338,0.370224142074585,1.4861287006840855
51,1,1,0,0.0,0.14073838914434114,0.12516277978817622,0.1563139985005061,0.1563139985005061,1.0373444819641109,0.9682947417724129,2.354827618598938,0.13514823159173134
51,2,0,0,0.0,0.16671221976478892,0.1979831635951996,0.1354412759343783,0.1563139985005061,0.30924689663946603,0.8641108903485535,1.3982573986053466,0.43800355542205277
51,3,0,0,0.0,0.14173135533928874,0.1203089103102684,0.16315380036830904,0.1563139985005061,0.10050492170155056,0.8738445258760456,0.4076111316680908,0.7174131684401259
52,0,0,0,0.0,0.15625426496068637,0.1597250630458196,0.15278346687555314,0.1263164296746254,0.11570710404336441,0.37735201968789145,0.6963017463684082,0.44383182738944893
52,1,1,0,0.0,0.13605226924022037,0.14578810880581536,0.1263164296746254,0.1263164296746254,0.36350568041324643,0.8093965797007078,1.9240530014038086,1.1268657610166817
52,2,0,0,0.0,0.13263114020228386,0.13948392619689307,0.12577835420767466,0.1263164296746254,0.10244899549841904,0.5156440510320666,1.3548319518566132,0.3451192399023474
52,3,0,1,0.0,0.1671935642759005,0.1471341406305631,0.18725298792123793,0.1263164296746254,0.29971033458113716,0.35229698576569535,0.45839567184448243,0.7210333055482805
53,0,0,0,0.0,0.11865312084555625,0.10970351547002792,0.1276027262210846,0.10899173667033513,0.25048178044378755,0.717805285512209,0.40144572257995603,0.4075607997202873
53,1,0,1,0.0,0.11875096360842387,0.09628140976031622,0.14122051745653152,0.10899173667033513,0.8298137580245731,1.8251277398002146,1.184885774552822,1.0182760366627572
53,2,1,0,0.0,0.12559946353236834,0.14220719039440155,0.10899173667033513,0.10899173667033513,0.04867001134634012,1.1021981985646483,2.077408266067505,1.0998003065220268
53,3,0,0,0.0,0.10626099457343419,0.12107242693503699,0.09144956221183141,0.10899173667033513,0.6315071089869744,0.1836336326682563,0.698369812965393,0.7869525571112336
54,0,0,0,1.0,0.134741173684597,0.14716629286607105,0.12231605450312295,0.17934694389502207,0.20822508171617943,0.7412718291699889,1.3347425937652588,1.1089319666319342
54,1,0,0,1.0,0.12896240999301276,0.13418150693178177,0.12374331305424373,0.17934694389502207,0.9266557903462646,1.0855319765985014,0.47095613479614257,2.0558340748897197
54,2,0,0,1.0,0.13177912036577863,0.1425670181711515,0.12099122256040573,0.17934694389502207,0.30667872171938376,0.13411960064768796,2.8084707736968992,0.4467956675247848
54,3,1,1,1.0,0.1509148299694061,0.12248271604379017,0.17934694389502207,0.17934694389502207,0.23469480809807752,1.4826709321081637,0.7650533676147461,1.2443553829966487
55,0,0,0,0.8,0.0984017697473367,0.09777759611606597,0.09902594337860744,0.10526086191336315,0.24522386242747327,0.20866619483649734,0.5065256118774414,0.17086319353250784
55,1,1,1,0.8,0.11614935894807181,0.12703785598278047,0.10526086191336315,0.10526086191336315,0.8827829003918168,1.202094870780706,2.310731840133667,0.3154192757933587
55,2,0,0,0.8,0.10601068933804829,0.10163779705762864,0.11038358161846797,0.10526086191336315,0.22685361737549314,0.6301452450847623,0.16119771003723143,0.8531954054423421
55,3,0,0,0.8,0.10131168340643248,0.0954202522834142,0.10720311452945074,0.10526086191336315,0.23087687060594586,1.7704148862320181,1.875988817214966,2.0447545746827123
56,0,1,0,0.0,0.12176881805062294,0.12375750044981637,0.11978013565142949,0.11978013565142949,0.23285781710326692,1.0984044848459962,1.0880924224853517,0.8389539557109588
56,1,0,0,0.0,0.11917753020922343,0.1149626210331917,0.12339243938525517,0.11978013565142949,0.06652231885671629,0.6159020576000211,0.259869122505188,0.643017563203722
56,2,0,1,0.0,0.1606983458002408,0.17973296542962391,0.14166372617085773,0.11978013565142949,0.07229238752245859,1.086673900008202,0.19400973320007325,1.1510162763505059
56,3,0,0,0.0,0.11332470998167993,0.09651631712913515,0.13013310283422472,0.11978013565142949,0.04881796669244789,1.026156332417727,0.20820155143737792,1.002707973971963
57,0,0,0,0.0,0.14347315914928915,0.15679257661104204,0.13015374168753624,0.13164237042268115,0.6958217728471752,1.1138614027178284,0.7135927677154541,0.3511748929912783
57,1,1,0,0.0,0.17422393461068472,0.21680549879868827,0.13164237042268115,0.13164237042268115,0.42858908789396305,1.8522958253622057,0.21879377365112304,1.4521271558539568
57,2,0,1,0.0,0.1924064303437869,0.15556442340215046,0.2292484372854233,0.13164237042268115,0.08547975006282353,0.8832026445698743,0.11997249126434326,0.7723935018216074
57,3,0,0,0.0,0.1555426949014266,0.1364837201933066,0.17460166960954662,0.13164237042268115,0.08661512919604739,0.9298314219427107,1.707388937100768,0.8424486121452599
58,0,1,0,0.2,0.10362323919932047,0.10500978628794351,0.10223669211069743,0.10223669211069743,0.36734672790646583,1.3304633662974836,0.4877238512039185,0.9341947570373863
58,1,0,1,0.2,0.1191323883831501,0.11125238289435706,0.12701239387194316,0.10223669211069743,0.19321388890862484,0.1783989381313324,0.8916913032531738,0.3091704102843627
58,2,0,0,0.2,0.120359335343043,0.1271513804793358,0.11356729020675023,0.10223669211069743,0.6633408944159749,0.8528798795449737,1.1010600805282593,0.22916461112931366
58,3,0,0,0.2,0.10977163886030515,0.10947305212418239,0.11007022559642791,0.10223669211069743,0.058027103266119616,0.8956579964244364,1.6763759970664978,0.8951982595282049
59,0,1,1,0.6,0.18561081364750862,0.20648878316084543,0.1647328441341718,0.1647328441341718,1.1319606840109828,0.34736170924186743,0.7723268508911133,0.6646906379459053
59,1,0,0,0.6,0.14793623760342597,0.10902358243862788,0.18684889276822406,0.1647328441341718,0.07323255242466917,1.87631584700346,0.8393112182617187,1.8582356791225076
59,2,0,0,0.6,0.16252943749229112,0.14389620671669642,0.18116266826788585,0.1647328441341718,0.685628136377931,1.978270812865496,0.3788762092590332,1.3090666796141117
59,3,0,0,0.6,0.15254523729284605,0.18921315371990202,0.11587732086579006,0.1647328441341718,0.09658606689631935,1.533502168900967,0.664444875717163,1.4939952801024914
60,0,0,1,0.4,0.14681557565927505,0.14781745870908103,0.1458136926094691,0.1444342171152433,0.34992686886548974,2.1604625800013544,0.24452924728393555,1.827003225466758
60,1,0,0,0.4,0.12496790712078414,0.12762660682201385,0.12230920741955438,0.1444342171152433,0.3747205367708208,0.8316690164929627,0.5001838684082032,1.2674358365839722
60,2,1,0,0.4,0.1417303574581941,0.13902649780114493,0.1444342171152433,0.1444342171152433,0.34298285170555154,1.3942852991104129,1.0980903148651122,1.0459093995352835
60,3,0,0,0.4,0.13714512040217716,0.13618839730819066,0.1381018434961637,0.1444342171152433,0.09286371938824622,0.5547499351108076,1.3427810549736023,0.6204533429615572
61,0,0,0,0.2,0.08619572184979916,0.07974002634485562,0.0926514173547427,0.07302802254756291,0.025747991848587937,1.34898227584362,0.6337301015853882,1.3368460845666377
61,1,0,1,0.2,0.11309108684460321,0.09124532888333003,0.13493684480587642,0.07302802254756291,0.4476975937515501,0.5159133804202076,0.9364090919494629,0.9868368809119239
61,2,1,0,0.2,0.1033745932082335,0.13372116386890412,0.07302802254756291,0.07302802254756291,0.5157049722200631,1.3105499855923648,0.9788553237915039,0.7834232973325254
61,3,0,0,0.2,0.08701378467182319,0.08496866747736931,0.08905890186627706,0.07302802254756291,0.046959959973692914,1.5852563782083986,0.29420976638793944,1.5075359212312474
62,0,0,0,1.0,0.12863799358407657,0.13244604915380478,0.12482993801434834,0.21955199539661407,1.0962616100180151,2.541547541305423,2.167461061477661,1.6158057755611093
62,1,1,1,1.0,0.16907800063490866,0.11860400587320326,0.21955199539661407,0.21955199539661407,0.11053672114849125,0.12763042297363256,0.4158861875534058,0.2676803696039319
62,2,0,0,1.0,0.1419546807805697,0.15368303010861076,0.13022633145252863,0.21955199539661407,0.844002988060117,0.10515646045923237,0.5835854530334472,0.847849180858098
62,3,0,0,1.0,0.1537446156144142,0.18868220547835032,0.11880702575047812,0.21955199539661407,0.4255332883203026,1.1540619095116853,0.8849273204803467,0.6833137036976964
63,0,0,1,0.0,0.1666651889681816,0.15713450113932292,0.17619587679704032,0.1406100183725357,0.1804901537626984,0.8621777216815942,1.7873011529445648,1.0807778912247716
63,1,0,0,0.0,0.1405388481914997,0.16107659339904787,0.12000110298395157,0.1406100183725357,0.30163976899683487,0.780329939939976,0.4918839693069458,0.4990389347307384
63,2,0,0,0.0,0.13368902280926703,0.13073537449042003,0.13664267112811404,0.1406100183725357,0.13235555491030268,0.994176076315641,0.4157902956008911,1.0958826867486535
63,3,1,0,0.0,0.13255660931269328,0.12450320025285085,0.1406100183725357,0.1406100183725357,0.6352135387647149,0.39907269590020145,1.6703307151794433,0.2780451611677185
64,0,0,1,0.2,0.14197298859556517,0.15003289530674616,0.13391308188438414,0.12346712698539097,0.15867233928918784,0.0890122689139842,0.45954630374908445,0.27418906712638214
64,1,0,0,0.2,0.10358307212591171,0.09632210234800975,0.1108440419038137,0.12346712698539097,0.024760612531900428,0.5368967314040656,0.03659276962280274,0.5305059977429732
64,2,1,0,0.2,0.12560944656531017,0.12775176614522935,0.12346712698539097,0.12346712698539097,0.05286450961589839,0.6267051130461688,0.4278327465057373,0.6727857939932124
64,3,0,0,0.2,0.11332720840970677,0.11038595189650853,0.11626846492290498,0.12346712698539097,0.4087092500722411,0.8322653519463536,0.3945195198059082,1.2476489821800592
65,0,1,0,0.0,0.12717318410674733,0.1207701916495959,0.13357617656389872,0.13357617656389872,0.39918831332802807,1.1033187998306755,0.06731722354888917,0.6768263382959366
65,1,0,1,0.0,0.1684331695238749,0.18138492504755654,0.15548141400019327,0.13357617656389872,0.19892360054373714,1.8267013604497913,0.5746191024780274,1.9753363992500304
65,2,0,0,0.0,0.13958769738674162,0.14235914945602415,0.1368162453174591,0.13357617656389872,0.17614599414587068,0.8579604500961308,0.26268620491027833,0.6842734976417572
65,3,0,0,0.0,0.14497992570201557,0.1356597105662028,0.1543001408378283,0.13357617656389872,0.048626445196866895,1.7652748194205763,0.970681619644165,1.7253946246723086
66,0,0,0,0.0,0.08804347117741902,0.0965372492869695,0.07954969306786856,0.08679899175961814,0.13788256685733788,0.3990621208310129,0.4948175668716431,0.4249169906625897
66,1,0,1,0.0,0.10402429252862933,0.08812088569005332,0.1199276993672053,0.08679899175961814,0.07485750749707201,1.2873887738704677,0.7031584739685058,1.21474000694111
66,2,0,0,0.0,0.0929423729578654,0.09349857022364934,0.09238617569208145,0.08679899175961814,0.18090988708257694,0.5564176390826706,0.8038349866867065,0.3041842882180028
66,3,1,0,0.0,0.0936524232228597,0.10050585468610128,0.08679899175961814,0.08679899175961814,0.2782000248342751,0.19944061430096624,0.7417226791381836,0.3706707476575673
67,0,0,0,0.0,0.05270896007617315,0.05294065003593763,0.052477270116408674,0.0669063185652097,0.10597368133127727,0.42388942117691003,0.8232461214065552,0.640138167784959
67,1,0,1,0.0,0.0799406263977289,0.07413186902801196,0.08574938376744588,0.0669063185652097,0.17203622010886707,0.23776484090805033,0.8050697088241577,0.434364468421191
67,2,0,0,0.0,0.087541455651323,0.09475340247154236,0.08032950883110364,0.0669063185652097,0.04013107168018788,1.2043904324173924,0.4068265438079834,1.1762671949573607
67,3,1,0,0.0,0.06527143915494284,0.06363655974467596,0.0669063185652097,0.0669063185652097,0.047090576910376394,0.3452801557350151,0.8120581150054932,0.4029872167165577
68,0,0,0,1.0,0.10173000196615856,0.10412676632404327,0.09933323760827382,0.1482255220413208,0.08914935982465746,0.6751268162488943,1.7279298067092896,0.7839728896842896
68,1,0,0,1.0,0.1044375203549862,0.09704037755727768,0.1118346631526947,0.1482255220413208,0.05107780690669976,2.434750789536834,0.7157752037048339,2.553228043348566
68,2,0,0,1.0,0.11993591015537582,0.12303345203399658,0.11683836827675502,0.1482255220413208,0.050733695848584226,1.397380718969107,0.4611636161804199,1.4048463443103991
68,3,1,1,1.0,0.1501283586025238,0.1520311951637268,0.1482255220413208,0.1482255220413208,0.7090591784495117,0.43323163892328703,2.412504243850708,1.1033118730920553
69,0,0,0,1.0,0.12081284622351328,0.12909592737754186,0.11252976506948471,0.20850210189819338,0.18154763311803315,1.5106925986415152,0.2855348587036133,1.7307453212911263
69,1,1,1,1.0,0.17389918863773346,0.13929627537727354,0.20850210189819338,0.20850210189819338,0.09726798952877562,0.557163408066034,1.474988117814064,0.6301442666240036
69,2,0,0,1.0,0.1265479803085327,0.14224852720896403,0.1108474334081014,0.20850210189819338,0.2717046026659011,0.5765074282908443,0.18982644081115724,0.8363289508089423
69,3,0,0,1.0,0.15307934035857518,0.16369862556457518,0.14246005515257518,0.20850210189819338,0.37448633300125567,1.0728539904952048,0.1274191379547119,0.6656740753296763
70,0,0,0,1.0,0.13927881804605324,0.16816187525788942,0.11039576083421708,0.3227628290653229,1.5728623405081037,0.4807659931200746,1.5542875289916993,0.9291723724666238
70,1,0,0,1.0,0.15377013882001242,0.16169353723526,0.1458467404047648,0.3227628290653229,0.3999575642102961,0.1584823846846822,1.5106093168258667,0.25939361829850827
70,2,0,0,1.0,0.15532295169929664,0.22257138490676878,0.08807451849182446,0.3227628290653229,0.8796780076980589,1.1276602058476215,2.3069541454315186,1.996192293817699
70,3,1,1,1.0,0.21870794023076692,0.114653051396211,0.3227628290653229,0.3227628290653229,0.12980259755373016,0.8895737376391883,0.17206032276153566,1.0735201882743834
71,0,1,0,0.0,0.1031487544377645,0.10123438934485118,0.1050631195306778,0.1050631195306778,0.14887627056300606,1.446475443818569,0.4924454927444458,1.3589328662228586
71,1,0,1,0.0,0.15399539147814115,0.1699737975994746,0.1380169853568077,0.1050631195306778,0.08242792274475086,0.17764584921598398,1.4744550228118896,0.08991720142468809
71,2,0,0,0.0,0.10706097235282262,0.08698600927988688,0.12713593542575838,0.1050631195306778,0.34684976393997713,1.1297341800200942,1.5870073795318604,0.7731123635283113
71,3,0,0,0.0,0.11651786590615908,0.12252878795067468,0.11050694386164346,0.1050631195306778,0.45557995854139294,0.3781817070317272,2.41945161819458,0.8322282330406084
72,0,0,1,0.0,0.15941786691546442,0.1872456381718318,0.13159009565909704,0.1443896099925041,1.794027257796526,0.3652739131164548,1.4202473640441895,1.5747514751803875
72,1,0,0,0.0,0.1420764016608397,0.11689223696788152,0.1672605663537979,0.1443896099925041,0.42526648279666934,1.4438179984128479,1.0703422784805299,1.0177430318848044
72,2,0,0,0.0,0.13556267643968264,0.13877611507972082,0.13234923779964447,0.1443896099925041,0.31189954052090607,0.24537962534546906,1.351841688156128,0.5937169968919456
72,3,1,0,0.0,0.13853256478905676,0.13267551958560944,0.1443896099925041,0.1443896099925041,0.5368474549871685,3.0097560637831693,0.8842766284942627,2.4857580919584636
73,0,0,0,0.0,0.1558076636244853,0.1948018963138262,0.11681343093514442,0.11878768851359685,0.746591809517145,1.7003449315983055,0.749514389038086,0.9381625463861228
73,1,0,1,0.0,0.16749858359495798,0.12467264880736668,0.21032451838254929,0.11878768851359685,0.11139200007855851,1.6295730591177944,0.7793848514556885,1.7611209480267018
73,2,0,0,0.0,0.14639612088600795,0.1355241760611534,0.1572680657108625,0.11878768851359685,0.46737223247051213,0.540647453722954,1.3083976268768311,1.035542188996747
73,3,1,0,0.0,0.13349133543670175,0.1481949823598067,0.11878768851359685,0.11878768851359685,0.20613989538133168,0.3774737257766727,0.24633703231811524,0.3316251470587962
74,0,1,0,0.2,0.14782937839627266,0.11468012183904648,0.18097863495349883,0.18097863495349883,0.10657724727094173,0.6635183442032341,2.1408589839935304,0.5893368362312951
74,1,0,0,0.2,0.15508827567100525,0.1259914686282476,0.1841850827137629,0.18097863495349883,0.8278111739349369,0.9200455043935779,4.230991268157959,0.13630255413874984
74,2,0,0,0.2,0.1237024155755838,0.1593127285440763,0.08809210260709127,0.18097863495349883,0.8828291798782347,1.4779866741943362,2.765834331512451,2.491379063659012
74,3,0,1,0.2,0.13693629801273347,0.16357204864422478,0.11030054738124213,0.18097863495349883,0.2813031094986204,1.7855324710398914,1.4426054954528809,1.5033259783877433
75,0,0,0,0.0,0.1292403628428777,0.12202255725860596,0.13645816842714945,0.12980456352233885,0.08168418420136003,0.9854799466323853,0.1602173328399658,1.0844752696114779
75,1,0,1,0.0,0.15464554677406947,0.150193652510643,0.15909744103749593,0.12980456352233885,0.4089461049181226,0.575708290596008,0.4642556428909302,1.0289164627304674
75,2,1,0,0.0,0.14092410653829573,0.15204364955425262,0.12980456352233885,0.12980456352233885,0.07920991000592696,1.5309897745430465,1.0094987154006958,1.4582946386180817
75,3,0,0,0.0,0.13435999353726705,0.13491015036900836,0.1338098367055257,0.12980456352233885,0.07616448738276951,1.2376401842129228,0.2524851322174072,1.2577242963285
76,0,1,1,0.8,0.15581865732868513,0.12183967679739,0.18979763785998027,0.18979763785998027,0.19069402727007886,0.8959929610788819,0.1600426197052002,1.1000141201455889
76,1,0,0,0.8,0.15608498627940814,0.17494180301825205,0.13722816954056422,0.18979763785998027,0.15769536379992993,0.42985306640505777,0.6437888145446777,0.5726304451019317
76,2,0,0,0.8,0.12752775475382805,0.14036104679107667,0.11469446271657945,0.18979763785998027,0.12858910497427,0.973354803689122,2.3172501802444456,1.044863464587927
76,3,0,0,0.8,0.13961610173185668,0.1419049734870593,0.13732722997665406,0.18979763785998027,0.5391397294139866,0.8786033665627244,1.5495155572891235,0.337544882665947
77,0,0,0,0.2,0.1160702094435692,0.11028196712334952,0.12185845176378884,0.11118711431821186,0.23111931215941936,1.006049856432676,0.9655304789543152,1.1503192930355668
77,1,1,0,0.2,0.12507283662756286,0.1389585589369138,0.11118711431821186,0.11118711431821186,0.396918575081229,0.5002745594799516,1.10491943359375,0.10936072917703536
77,2,0,0,0.2,0.12344142521421114,0.13171094805002212,0.11517190237840018,0.11118711431821186,0.19019354203045413,1.1752616800701616,0.5282049655914307,1.350229498442411
77,3,0,1,0.2,0.12889964977900187,0.11253264695405958,0.14526665260394414,0.11118711431821186,0.25495132890999345,0.9270508296525476,1.0967161178588867,1.111667370448932
78,0,1,0,0.0,0.12920880367358525,0.12759478886922201,0.1308228184779485,0.1308228184779485,0.07484349938869457,0.6508611335355049,1.5286122560501099,0.7541528762573749
78,1,0,1,0.0,0.14542330726981162,0.12922143389781318,0.16162518064181008,0.1308228184779485,0.2595904933935406,1.0080389840042594,0.32868521213531493,0.700708741824478
78,2,0,0,0.0,0.13179522429903348,0.11485734482606252,0.14873310377200444,0.1308228184779485,0.11531497814655278,1.454249165062904,0.853056526184082,1.3385634897080807
78,3,0,0,0.0,0.15211816231409706,0.18687192996342974,0.11736439466476441,0.1308228184779485,0.03560326263785374,0.5996421829485892,2.1722082138061523,0.4922842385882884
79,0,0,0,1.0,0.11806856791178384,0.11969080319007237,0.11644633263349534,0.1782378286123276,1.132073357969523,0.6728850467807057,1.204397988319397,0.4129262454041093
79,1,1,1,1.0,0.1506818783779939,0.12312592814366023,0.1782378286123276,0.1782378286123276,0.10293824602127088,0.9603240139657256,0.5197837352752686,1.0438090522874892
79,2,0,0,1.0,0.12917565827568372,0.1569727823138237,0.10137853423754374,0.1782378286123276,0.63774212883234,0.6006696555781366,0.14692182540893556,1.3170923390719294
79,3,0,0,1.0,0.1211975211898486,0.11933411210775376,0.12306093027194341,0.1782378286123276,0.9314454672265053,0.1663701161235574,2.030068874359131,0.7641088591756857
80,0,0,0,0.0,0.09890033031503359,0.09668454279502232,0.10111611783504486,0.10053564111391704,0.4374973705369232,0.5631818163490292,0.9753493309020996,0.054870692190453395
80,1,0,0,0.0,0.10280017393330732,0.0773426130414009,0.12825773482521374,0.10053564111391704,0.27532482689619064,0.2731096617674826,0.0898808479309082,0.6260689955335856
80,2,1,0,0.0,0.11291297463079293,0.12529030814766884,0.10053564111391704,0.10053564111391704,0.45560956830680316,1.5984153714984655,1.1588090419769288,0.9745844057979248
80,3,0,1,0.0,0.16689415648579597,0.18219017138083773,0.1515981415907542,0.10053564111391704,0.09489537559568859,1.3096415734034772,0.5021296977996826,1.179018954849988
81,0,1,1,0.8,0.15064914201696714,0.1193722094098727,0.18192607462406155,0.18192607462406155,0.18453918597757787,0.743926954779625,0.7530266761779785,1.0008533687638492
81,1,0,0,0.8,0.15191451907157896,0.15905781189600626,0.1447712262471517,0.18192607462406155,0.24214316915452444,0.7939436775934693,0.47660131454467775,0.5266138460477442
81,2,0,0,0.8,0.11020801415046057,0.11070193350315094,0.10971409479777017,0.18192607462406155,0.33345534396052334,0.785027809950709,2.7288199424743653,0.5117218441629595
81,3,0,0,0.8,0.12214703733722367,0.1457867577672005,0.0985073169072469,0.18192607462406155,0.2248913589483502,0.2385607185703515,0.1574709892272949,0.2490182445926406
82,0,1,0,0.2,0.13082982127865156,0.15291114747524262,0.10874849508206048,0.10874849508206048,0.7394470612138513,0.18311619062542944,1.231752300262451,0.6002358234599232
82,1,0,1,0.2,0.13352413301666577,0.13296618511279423,0.13408208092053733,0.10874849508206048,0.6319898052859309,1.2859608157610896,0.1261066436767578,0.6022383018560709
82,2,0,0,0.2,0.11420590902368227,0.10762100815773011,0.12079080988963446,0.10874849508206048,0.19153743760228129,1.288147623080015,1.0057705640792847,1.1320471867891402
82,3,0,0,0.2,0.10935434326529503,0.09441586583852768,0.12429282069206238,0.10874849508206048,0.4730275035530333,0.8643504015624528,0.8126210451126099,0.4384439853940904
83,0,1,1,0.8,0.16893270413080852,0.21478953262170153,0.12307587563991547,0.12307587563991547,0.45287376008987384,1.2912002511537077,0.7602155685424805,1.8607927457749844
83,1,0,0,0.8,0.12962857025365035,0.12591851775844892,0.13333862274885178,0.12307587563991547,0.8231729163634774,0.2208004524886608,2.057804298400879,0.7354683138824999
83,2,0,0,0.8,0.14163237002988657,0.13904860566059749,0.14421613439917566,0.12307587563991547,0.2596545858019589,0.2634892613720897,0.16748223304748536,0.4957560578832031
83,3,0,0,0.8,0.1679874295989672,0.12842441797256468,0.20755044122536978,0.12307587563991547,0.08475874991655381,0.6814206029593942,0.3226574659347534,0.7050335990414023
84,0,1,1,1.0,0.1623991144200166,0.12160601367553074,0.20319221516450248,0.20319221516450248,0.5701388968753818,0.375040912801027,0.18291783332824707,0.9044703706869482
84,1,0,0,1.0,0.13553767179449397,0.15216307987769445,0.11891226371129353,0.20319221516450248,0.978292192385197,0.37790201593995076,1.5734631061553954,1.2969020621982217
84,2,0,0,1.0,0.1242648017903169,0.1395313973228137,0.10899820625782013,0.20319221516450248,0.5313358657979969,0.7996431747817996,0.8950270652770996,0.367677854746133
84,3,0,0,1.0,0.15487117245793341,0.16377226958672206,0.14597007532914477,0.20319221516450248,1.0089353356415036,2.2979927326864003,1.512136173248291,1.4143238539113105
85,0,0,1,0.2,0.16338499635457993,0.17786484758059184,0.148905145128568,0.13157114485899607,0.3787107026779649,0.5314993399488923,0.5186214923858643,0.09544822288028898
85,1,1,0,0.2,0.13013745894034703,0.128703773021698,0.13157114485899607,0.13157114485899607,0.09777223447084431,0.9876897230386732,1.1775989651679992,1.050252259759158
85,2,0,0,0.2,0.12211277186870577,0.12328589508930843,0.12093964864810307,0.13157114485899607,0.681501051510572,0.4643877712249752,0.14540305137634277,0.21521570979500187
85,3,0,0,0.2,0.12415464570124941,0.10993535717328388,0.13837393422921498,0.13157114485899607,0.40618626334607627,0.7485658723080155,0.4135024070739746,1.026269990248382
86,0,0,0,0.0,0.13386531670888266,0.1346836412946383,0.13304699212312698,0.09496492532392342,0.3643058566665651,0.4311738190239664,0.30435667037963865,0.6016604663154854
86,1,1,0,0.0,0.11470216444383065,0.13443940356373787,0.09496492532392342,0.09496492532392342,0.3952856767427919,0.24508023647785163,0.6576830387115479,0.18829019576817746
86,2,0,0,0.0,0.10129766793300708,0.11207608965535958,0.09051924621065459,0.09496492532392342,0.22274913037598107,1.1424338718080524,0.4242089748382568,1.7025846411529557
86,3,0,1,0.0,0.15943907449642816,0.12810508906841278,0.19077305992444357,0.09496492532392342,0.33324233896613153,1.041568038619757,0.4997155427932739,0.8891661741696298
87,0,0,0,0.0,0.16944698169827457,0.20567136555910107,0.13322259783744814,0.18697853088378905,0.2652991606050733,2.1367333221507074,1.3486584663391112,1.9677058448016644
87,1,0,1,0.0,0.200209063788255,0.14567852914333343,0.2547395984331767,0.18697853088378905,0.9330159918504956,0.7730574600356821,0.4365450382232666,0.13326503720778976
87,2,0,0,0.0,0.1479436092078686,0.1855405330657959,0.11034668534994126,0.18697853088378905,1.0676326254546646,1.4985460537660127,3.3490741729736326,0.3648943549937754
87,3,1,0,0.0,0.16768775780995684,0.14839698473612467,0.18697853088378905,0.18697853088378905,0.23990664195179914,0.7625938880836968,0.8175612449645996,1.0866022577448748
88,0,1,1,1.0,0.15868978649377824,0.15231811702251433,0.1650614559650421,0.1650614559650421,0.12208441772043735,1.4038519612979887,1.1894257545471192,1.4913531294497102
88,1,0,0,1.0,0.14320466568072635,0.13528515299161273,0.15112417836984,0.1650614559650421,0.10469501525759703,1.3123973882651332,0.7917851209640503,1.284803696477115
88,2,0,0,1.0,0.1440339043736458,0.13481021722157796,0.15325759152571358,0.1650614559650421,0.22395318595588165,0.8748854466646911,0.13038334846496583,1.0980902052811905
88,3,0,0,1.0,0.14248565882444383,0.16600052813688912,0.1189707895119985,0.1650614559650421,0.6141819030386205,0.31083558807194206,1.9608038187026977,0.3801237693072482
89,0,0,1,0.2,0.136583898216486,0.1430613229672114,0.13010647346576054,0.12773411025603612,0.7856417936062817,0.18601067234814206,0.39203805923461915,0.3614690308652818
89,1,0,0,0.2,0.11179501563310623,0.13376500109831493,0.08982503016789754,0.12773411025603612,0.17558157525002968,0.147163366430998,2.176750135421753,0.17201898193106055
89,2,0,0,0.2,0.12492439125974975,0.1062698319554329,0.14357895056406655,0.12773411025603612,1.9102571007686855,0.12674243974089627,2.096288573741913,1.8089507813927905
89,3,1,0,0.2,0.11794125934441885,0.10814840843280156,0.12773411025603612,0.12773411025603612,0.45963136215388795,1.002917657417059,1.5020935535430908,0.5566617069327832
90,0,0,0,0.6,0.1471469024817149,0.14605133533477785,0.14824246962865192,0.1540295675396919,0.16938471300661587,0.6741799248301987,0.11021864414215088,0.5554534068112076
90,1,1,1,0.6,0.1305287798245748,0.10702799210945764,0.1540295675396919,0.1540295675396919,1.0514090179169178,0.1695534176433089,0.461484432220459,0.9413782176154852
90,2,0,0,0.6,0.1210318627456824,0.11921182771523793,0.12285189777612686,0.1540295675396919,0.415587967143059,0.8090935638606546,0.9111106872558594,1.2134771745726465
90,3,0,0,0.6,0.1367404503126939,0.16315684020519258,0.11032406042019527,0.1540295675396919,0.216966302822828,0.3085600550204518,0.23623456954956054,0.6068874141804501
91,0,0,0,0.0,0.14009445508321125,0.16199202487866085,0.11819688528776169,0.11191662400960922,0.33180425081610637,0.8253737026178835,0.2235332489013672,0.47776875304477284
91,1,0,1,0.0,0.17221269930402439,0.13777045160531998,0.2066549470027288,0.11191662400960922,0.07174530084908018,0.6880637895023826,0.09978911876678467,0.6831698356661946
91,2,0,0,0.0,0.1535659924149513,0.13365359803040822,0.17347838679949446,0.11191662400960922,0.10711160581707997,1.304796973686218,0.8161844253540039,1.4195731581548976
91,3,1,0,0.0,0.14437369629740715,0.17683076858520508,0.11191662400960922,0.11191662400960922,0.044199773786664134,0.627253524466753,2.6756984114646913,0.5490295835410058
92,0,0,0,0.8,0.20731129224101705,0.27393458286921185,0.14068800161282222,0.24903988937536878,0.48860068039476856,0.26345115651428674,0.5042354106903076,0.4047956880457699
92,1,0,0,0.8,0.15427384699384375,0.13432922313610715,0.1742184708515803,0.24903988937536878,0.09490299454092935,0.5626209243047233,0.7432350397109986,0.4787500592190027
92,2,1,1,0.8,0.20648415883382162,0.16392842829227447,0.24903988937536878,0.24903988937536878,0.24375752932608102,1.5911780071949955,0.3194430351257324,1.3409258587355166
92,3,0,0,0.8,0.14188645035028458,0.13776351412137347,0.14600938657919565,0.24903988937536878,0.27714220735609507,2.1398966915899513,1.4183604955673217,1.7782707850072346
93,0,0,0,0.0,0.09537100332478682,0.09010497480630875,0.10063703184326489,0.12030948052803676,0.5190840908390287,1.7149303665399558,0.3514042139053345,1.1926216928616167
93,1,1,0,0.0,0.11658178530633449,0.11285409008463222,0.12030948052803676,0.12030948052803676,0.1524891476714613,0.9210379690122601,1.3898246526718139,1.0674385340259225
93,2,0,1,0.0,0.13346974675854048,0.11305414587259294,0.15388534764448802,0.12030948052803676,0.06692089966654802,0.6922048258280759,1.341432225704193,0.5814991248071194
93,3,0,0,0.0,0.11094417472680412,0.14035349935293198,0.08153485010067622,0.12030948052803676,0.3479266064059736,2.0380666841697694,1.815190601348877,1.8840691422726217
94,0,1,0,0.4,0.1590243433912595,0.1897906760374705,0.1282580107450485,0.1282580107450485,0.9419283733999734,0.8249409760522839,2.0933867931365966,1.5515978083703295
94,1,0,0,0.4,0.132883803298076,0.12106722791989644,0.14470037867625554,0.1282580107450485,1.4748859309887883,1.8129063471317288,2.0576552152633667,0.3335050870726629
94,2,0,0,0.4,0.14103922545909878,0.17748976846536,0.10458868245283763,0.1282580107450485,0.3019403801548483,0.8543074995166066,0.2688627243041992,0.5581069042584672
94,3,0,1,0.4,0.13290370975931484,0.07750340948502223,0.1883040100336075,0.1282580107450485,0.8299727908724549,1.1364860228502756,0.8094794034957886,0.2409276948489994
95,0,0,0,0.0,0.11356774047017099,0.12049298187096913,0.1066424990693728,0.14103556672732034,0.886235885233879,1.355917520312071,0.3887434959411621,2.346065760132782
95,1,0,0,0.0,0.11015385761857033,0.10813317547241846,0.11217453976472219,0.14103556672732034,0.09441730474948855,0.48737008508682267,1.3458177089691161,0.5552892730750143
95,2,1,0,0.0,0.13093033979336421,0.12082511285940807,0.14103556672732034,0.14103556672732034,0.6796299442678689,0.03957933134317404,1.1645986557006835,0.6723781638967992
95,3,0,1,0.0,0.13675463447968164,0.1419553021589915,0.1315539668003718,0.14103556672732034,0.7475121225970985,1.4145265351194145,0.26021084785461424,0.7206415832914412
96,0,0,0,0.6,0.18383361871043838,0.2355502814054489,0.13211695601542792,0.25167037844657897,0.6135686567062143,0.4322184727907178,0.4394247055053711,1.0950529600262642
96,1,0,0,0.6,0.13948659114539627,0.12397252569595973,0.15500065659483273,0.25167037844657897,1.77898784124434,0.4365443471336368,1.130099105834961,1.210884859995395
96,2,1,1,0.6,0.1739947578559319,0.09631913726528485,0.25167037844657897,0.25167037844657897,0.08669176701426498,1.099731966345311,0.4714235305786133,1.1957127745552363
96,3,0,0,0.6,0.13966228092710178,0.18113530427217484,0.09818925758202872,0.25167037844657897,1.518856939916611,0.3895299754995111,0.4471297264099121,1.145170906553995
97,0,1,1,1.0,0.1843306044737498,0.2402807742357254,0.12838043471177418,0.12838043471177418,1.264634340381027,0.24927160008788132,0.3263667106628418,0.9617292985494063
97,1,0,0,1.0,0.14374199310938518,0.11024310737848282,0.17724087884028752,0.12838043471177418,0.2658953806960579,0.9470333082902433,0.5809953451156616,1.184222560054809
97,2,0,0,1.0,0.14318107987443607,0.1458806018034617,0.1404815579454104,0.12838043471177418,0.6774678297024964,1.5136654975390438,0.4832131862640381,2.1653727174988946
97,3,0,0,1.0,0.13465921009580295,0.10950840413570405,0.15981001605590184,0.12838043471177418,0.14904231345713104,1.3858462295198444,0.22775859832763673,1.481638070966378
98,0,0,0,0.2,0.13636511613925298,0.09607151746749877,0.17665871481100717,0.12525584399700165,0.40135001979291457,1.9115197490644458,0.5367648601531982,1.5537384965895862
98,1,0,0,0.2,0.12309378236532209,0.10167901962995529,0.14450854510068895,0.12525584399700165,0.45902461064398264,1.10657152912736,1.1862468719482422,1.649455579935778
98,2,0,1,0.2,0.153995771954457,0.19808335900306703,0.10990818490584692,0.12525584399700165,0.09546988252818611,0.5556767910486459,2.6795830011367796,0.6719299587797374
98,3,1,0,0.2,0.1428766183555126,0.16049739271402358,0.12525584399700165,0.12525584399700165,0.7587845758068564,1.5752918988955025,0.24455771446228028,0.9725637250603363
99,0,0,0,0.0,0.1383381982644399,0.10373890995979311,0.1729374865690867,0.19865495363871255,0.06732277823746173,0.9671000759947296,0.44077186584472655,0.9115627225662767
99,1,1,0,0.0,0.14413793658216795,0.08962091952562333,0.19865495363871255,0.19865495363871255,0.18192598734259563,1.1542450168037413,0.9936123996973037,1.0680186477813125
99,2,0,0,0.0,0.13111488843957583,0.12091665069262186,0.1413131261865298,0.19865495363871255,0.6974045122367141,0.2581267420220378,3.1594356060028077,0.9502000979953259
99,3,0,1,0.0,0.20640796273946763,0.305722505847613,0.10709341963132223,0.19865495363871255,0.07350496911227715,0.8187932853400707,0.6435580730438233,0.7518502741495521
